{"cameraMode":{"drawMode":0,"name":"Shaded","section":"Shading Mode"},"sceneLighting":true,"audioPlay":false,"sceneViewState":{"m_AlwaysRefresh":false,"showFog":true,"showSkybox":true,"showFlares":true,"showImageEffects":true,"showParticleSystems":true,"showVisualEffectGraphs":true,"m_FxEnabled":true},"in2DMode":false,"pivot":{"x":0.0064139217138290409,"y":4.55928897857666,"z":-4.855618476867676},"rotation":{"x":0.2108037769794464,"y":-0.001466244924813509,"z":0.00031625444535166025,"w":0.9775251746177673},"size":6.945714950561523,"orthographic":true}